﻿<?xml version="1.0" encoding="UTF-8"?>
<gsmanifest version="1.0">
    <loader uuid="{1D2DF83A-32C9-4b01-9033-32E1F35337B1}" version="1.0.1398.95" oemversion="1.0.1463.46">
    <options>
	<OEMInfo CompanyID="j5" ProductName="Wormhole1463" LoaderName="WormholeLD.exe" ListenName="OTI_KMLoader" CompareVersion="0"></OEMInfo>  
        <ProgresBar l="203" t="290" w="240" h="7"></ProgresBar>  
        <ProgresLabel l="204" t="270" w="462" h="23" r="0" g="0" b="0" al="-1" fs="7"></ProgresLabel>   
    </options>      
    </loader>
</gsmanifest>